{"cameraMode":{"drawMode":0,"name":"Shaded","section":"Shading Mode"},"sceneLighting":false,"audioPlay":false,"sceneViewState":{"m_AlwaysRefresh":false,"showFog":true,"showSkybox":false,"showFlares":true,"showImageEffects":true,"showParticleSystems":true,"showVisualEffectGraphs":true,"m_FxEnabled":true},"in2DMode":false,"pivot":{"x":-0.2268601655960083,"y":0.5420095920562744,"z":0.22859236598014832},"rotation":{"x":0.16912740468978883,"y":0.26259270310401919,"z":-0.046807318925857547,"w":0.9488163590431213},"size":0.5801361799240112,"orthographic":false}