{"cameraMode":{"drawMode":0,"name":"Shaded","section":"Shading Mode"},"sceneLighting":false,"audioPlay":false,"sceneViewState":{"m_AlwaysRefresh":false,"showFog":true,"showSkybox":false,"showFlares":true,"showImageEffects":true,"showParticleSystems":true,"showVisualEffectGraphs":true,"m_FxEnabled":true},"in2DMode":false,"pivot":{"x":0.15449322760105134,"y":0.026287168264389039,"z":-0.03211688995361328},"rotation":{"x":0.2058805674314499,"y":0.23797690868377686,"z":-0.05169351026415825,"w":0.947792112827301},"size":0.2139611393213272,"orthographic":false}