{"cameraMode":{"drawMode":0,"name":"Shaded","section":"Shading Mode"},"sceneLighting":false,"audioPlay":false,"sceneViewState":{"m_AlwaysRefresh":false,"showFog":true,"showSkybox":false,"showFlares":true,"showImageEffects":true,"showParticleSystems":true,"showVisualEffectGraphs":true,"m_FxEnabled":true},"in2DMode":false,"pivot":{"x":0.0019264519214630128,"y":0.13215559720993043,"z":-0.09301167726516724},"rotation":{"x":-0.04750039055943489,"y":0.7445895671844482,"z":-0.05322787165641785,"w":-0.663759171962738},"size":0.20881043374538423,"orthographic":false}