{"cameraMode":{"drawMode":0,"name":"Shaded","section":"Shading Mode"},"sceneLighting":false,"audioPlay":false,"sceneViewState":{"m_AlwaysRefresh":false,"showFog":true,"showSkybox":false,"showFlares":true,"showImageEffects":true,"showParticleSystems":true,"showVisualEffectGraphs":true,"m_FxEnabled":true},"in2DMode":false,"pivot":{"x":0.587458610534668,"y":1.4916515350341797,"z":-0.7684097290039063},"rotation":{"x":-0.024390386417508127,"y":0.9497654438018799,"z":-0.3025588393211365,"w":-0.07651019841432572},"size":5.2667317390441898,"orthographic":false}