{"cameraMode":{"drawMode":0,"name":"Shaded","section":"Shading Mode"},"sceneLighting":false,"audioPlay":false,"sceneViewState":{"m_AlwaysRefresh":false,"showFog":true,"showSkybox":false,"showFlares":true,"showImageEffects":true,"showParticleSystems":true,"showVisualEffectGraphs":true,"m_FxEnabled":true},"in2DMode":false,"pivot":{"x":1.1920928955078126e-7,"y":0.8559287786483765,"z":-0.061756543815135959},"rotation":{"x":0.0008380679646506906,"y":0.991084098815918,"z":-0.13310134410858155,"w":0.006240202579647303},"size":1.4288368225097657,"orthographic":false}