{"cameraMode":{"drawMode":0,"name":"Shaded","section":"Shading Mode"},"sceneLighting":false,"audioPlay":false,"sceneViewState":{"m_AlwaysRefresh":false,"showFog":true,"showSkybox":false,"showFlares":true,"showImageEffects":true,"showParticleSystems":true,"showVisualEffectGraphs":true,"m_FxEnabled":true},"in2DMode":false,"pivot":{"x":5.957878112792969,"y":0.6103044152259827,"z":-0.01779375970363617},"rotation":{"x":0.16335910558700562,"y":0.30240723490715029,"z":-0.052688900381326678,"w":0.9375970363616943},"size":0.9410626888275147,"orthographic":true}