{"cameraMode":{"drawMode":0,"name":"Shaded","section":"Shading Mode"},"sceneLighting":false,"audioPlay":false,"sceneViewState":{"m_AlwaysRefresh":false,"showFog":true,"showSkybox":false,"showFlares":true,"showImageEffects":true,"showParticleSystems":true,"showVisualEffectGraphs":true,"m_FxEnabled":true},"in2DMode":false,"pivot":{"x":-0.029186248779296876,"y":-0.17468786239624024,"z":24.206571578979493},"rotation":{"x":-0.08771860599517822,"y":0.25641757249832156,"z":-0.02335858717560768,"w":-0.9623141288757324},"size":29.86211585998535,"orthographic":false}