{"cameraMode":{"drawMode":0,"name":"Shaded","section":"Shading Mode"},"sceneLighting":false,"audioPlay":false,"sceneViewState":{"m_AlwaysRefresh":false,"showFog":true,"showSkybox":false,"showFlares":true,"showImageEffects":true,"showParticleSystems":true,"showVisualEffectGraphs":true,"m_FxEnabled":true},"in2DMode":false,"pivot":{"x":-0.5415509939193726,"y":1.2687740325927735,"z":-0.06257826089859009},"rotation":{"x":0.05222885683178902,"y":-0.9157757759094238,"z":0.12662163376808167,"w":0.3776799440383911},"size":2.2378814220428469,"orthographic":false}