{"cameraMode":{"drawMode":0,"name":"Shaded","section":"Shading Mode"},"sceneLighting":false,"audioPlay":false,"sceneViewState":{"m_AlwaysRefresh":false,"showFog":true,"showSkybox":false,"showFlares":true,"showImageEffects":true,"showParticleSystems":true,"showVisualEffectGraphs":true,"m_FxEnabled":true},"in2DMode":false,"pivot":{"x":0.3200397491455078,"y":0.06438857316970825,"z":0.19822919368743897},"rotation":{"x":-0.08771860599517822,"y":0.25641757249832156,"z":-0.02335858717560768,"w":-0.9623141288757324},"size":1.5908000469207764,"orthographic":false}