{"cameraMode":{"drawMode":0,"name":"Shaded","section":"Shading Mode"},"sceneLighting":false,"audioPlay":false,"sceneViewState":{"m_AlwaysRefresh":false,"showFog":true,"showSkybox":false,"showFlares":true,"showImageEffects":true,"showParticleSystems":true,"showVisualEffectGraphs":true,"m_FxEnabled":true},"in2DMode":false,"pivot":{"x":0.031109213829040529,"y":-0.018919408321380616,"z":1.6164429187774659},"rotation":{"x":-0.17238542437553407,"y":0.5105937719345093,"z":-0.10530231148004532,"w":-0.8357798457145691},"size":1.2599254846572877,"orthographic":false}