{"cameraMode":{"drawMode":0,"name":"Shaded","section":"Shading Mode"},"sceneLighting":false,"audioPlay":false,"sceneViewState":{"m_AlwaysRefresh":false,"showFog":true,"showSkybox":false,"showFlares":true,"showImageEffects":true,"showParticleSystems":true,"showVisualEffectGraphs":true,"m_FxEnabled":true},"in2DMode":false,"pivot":{"x":-2.9677906036376955,"y":-0.7087630033493042,"z":-2.47092342376709},"rotation":{"x":-0.023062095046043397,"y":-0.05695393681526184,"z":-0.0013159599620848895,"w":0.9981095194816589},"size":3.535554885864258,"orthographic":false}