{"cameraMode":{"drawMode":0,"name":"Shaded","section":"Shading Mode"},"sceneLighting":false,"audioPlay":false,"sceneViewState":{"m_AlwaysRefresh":false,"showFog":true,"showSkybox":false,"showFlares":true,"showImageEffects":true,"showParticleSystems":true,"showVisualEffectGraphs":true,"m_FxEnabled":true},"in2DMode":false,"pivot":{"x":0.41620171070098879,"y":0.9006445407867432,"z":-0.21516036987304688},"rotation":{"x":0.0026973779313266279,"y":-0.9965782165527344,"z":0.0742809996008873,"w":0.03618801012635231},"size":5.274970531463623,"orthographic":false}