{"cameraMode":{"drawMode":0,"name":"Shaded","section":"Shading Mode"},"sceneLighting":false,"audioPlay":false,"sceneViewState":{"m_AlwaysRefresh":false,"showFog":true,"showSkybox":false,"showFlares":true,"showImageEffects":true,"showParticleSystems":true,"showVisualEffectGraphs":true,"m_FxEnabled":true},"in2DMode":false,"pivot":{"x":0.05874797701835632,"y":0.3376636505126953,"z":0.1423007845878601},"rotation":{"x":0.12346892058849335,"y":-0.3849940299987793,"z":0.05205637961626053,"w":0.9131409525871277},"size":0.46465614438056948,"orthographic":false}