{"cameraMode":{"drawMode":0,"name":"Shaded","section":"Shading Mode"},"sceneLighting":true,"audioPlay":false,"sceneViewState":{"m_AlwaysRefresh":false,"showFog":true,"showSkybox":true,"showFlares":true,"showImageEffects":true,"showParticleSystems":true,"showVisualEffectGraphs":true,"m_FxEnabled":true},"in2DMode":false,"pivot":{"x":1.7064135074615479,"y":-0.9685220718383789,"z":0.7952965497970581},"rotation":{"x":0.5403746962547302,"y":0.006310750264674425,"z":-0.0040525696240365509,"w":0.841394305229187},"size":2.2287678718566896,"orthographic":false}