{"cameraMode":{"drawMode":0,"name":"Shaded","section":"Shading Mode"},"sceneLighting":true,"audioPlay":false,"sceneViewState":{"m_AlwaysRefresh":false,"showFog":true,"showSkybox":true,"showFlares":true,"showImageEffects":true,"showParticleSystems":true,"showVisualEffectGraphs":true,"m_FxEnabled":true},"in2DMode":false,"pivot":{"x":-0.42114514112472536,"y":0.2878280282020569,"z":0.2807009220123291},"rotation":{"x":-0.06510081887245178,"y":0.9348960518836975,"z":-0.2455115020275116,"w":-0.24790090322494508},"size":0.664384126663208,"orthographic":false}