{"cameraMode":{"drawMode":0,"name":"Shaded","section":"Shading Mode"},"sceneLighting":false,"audioPlay":false,"sceneViewState":{"m_AlwaysRefresh":false,"showFog":true,"showSkybox":true,"showFlares":true,"showImageEffects":true,"showParticleSystems":true,"showVisualEffectGraphs":true,"m_FxEnabled":true},"in2DMode":false,"pivot":{"x":6.31306791305542,"y":0.2646857500076294,"z":0.41799139976501467},"rotation":{"x":0.20446524024009705,"y":0.3464837670326233,"z":-0.07766252756118775,"w":0.9122028946876526},"size":1.069803237915039,"orthographic":true}