{"cameraMode":{"drawMode":0,"name":"Shaded","section":"Shading Mode"},"sceneLighting":true,"audioPlay":false,"sceneViewState":{"m_AlwaysRefresh":false,"showFog":true,"showSkybox":true,"showFlares":true,"showImageEffects":true,"showParticleSystems":true,"showVisualEffectGraphs":true,"m_FxEnabled":true},"in2DMode":false,"pivot":{"x":-0.230622798204422,"y":-0.1881256103515625,"z":1.6843197345733643},"rotation":{"x":0.20519104599952699,"y":0.05575287714600563,"z":-0.011708585545420647,"w":0.9770626425743103},"size":0.9643842577934265,"orthographic":false}