{"cameraMode":{"drawMode":0,"name":"Shaded","section":"Shading Mode"},"sceneLighting":false,"audioPlay":false,"sceneViewState":{"m_AlwaysRefresh":false,"showFog":true,"showSkybox":false,"showFlares":true,"showImageEffects":true,"showParticleSystems":true,"showVisualEffectGraphs":true,"m_FxEnabled":true},"in2DMode":false,"pivot":{"x":-0.24203792214393617,"y":1.443450927734375,"z":-0.1952398419380188},"rotation":{"x":0.006735901813954115,"y":-0.9914296865463257,"z":0.1174326241016388,"w":0.05686752125620842},"size":1.473975658416748,"orthographic":false}