{"cameraMode":{"drawMode":0,"name":"Shaded","section":"Shading Mode"},"sceneLighting":false,"audioPlay":false,"sceneViewState":{"m_AlwaysRefresh":false,"showFog":true,"showSkybox":false,"showFlares":true,"showImageEffects":true,"showParticleSystems":true,"showVisualEffectGraphs":true,"m_FxEnabled":true},"in2DMode":false,"pivot":{"x":-0.4767748713493347,"y":-0.27272701263427737,"z":-1.1500248908996583},"rotation":{"x":0.006735901813954115,"y":-0.9914296865463257,"z":0.1174326241016388,"w":0.05686752125620842},"size":3.444521903991699,"orthographic":false}