{"cameraMode":{"drawMode":0,"name":"Shaded","section":"Shading Mode"},"sceneLighting":false,"audioPlay":false,"sceneViewState":{"m_AlwaysRefresh":false,"showFog":true,"showSkybox":false,"showFlares":true,"showImageEffects":true,"showParticleSystems":true,"showVisualEffectGraphs":true,"m_FxEnabled":true},"in2DMode":false,"pivot":{"x":-1.9816656112670899,"y":12.8635835647583,"z":-2.2928695678710939},"rotation":{"x":0.03597884997725487,"y":0.28095966577529909,"z":-0.010540955699980259,"w":0.9589861035346985},"size":13.640525817871094,"orthographic":true}