{"cameraMode":{"drawMode":0,"name":"Shaded","section":"Shading Mode"},"sceneLighting":false,"audioPlay":false,"sceneViewState":{"m_AlwaysRefresh":false,"showFog":true,"showSkybox":false,"showFlares":true,"showImageEffects":true,"showParticleSystems":true,"showVisualEffectGraphs":true,"m_FxEnabled":true},"in2DMode":false,"pivot":{"x":-0.0008884668350219727,"y":0.8900423049926758,"z":-0.06965715438127518},"rotation":{"x":0.0008380679646506906,"y":0.991084098815918,"z":-0.13310134410858155,"w":0.006240202579647303},"size":1.4649296998977662,"orthographic":false}