{"cameraMode":{"drawMode":0,"name":"Shaded","section":"Shading Mode"},"sceneLighting":true,"audioPlay":false,"sceneViewState":{"m_AlwaysRefresh":false,"showFog":true,"showSkybox":false,"showFlares":true,"showImageEffects":true,"showParticleSystems":true,"showVisualEffectGraphs":true,"m_FxEnabled":true},"in2DMode":false,"pivot":{"x":-0.35227495431900027,"y":-0.019767343997955323,"z":0.663860023021698},"rotation":{"x":0.2885487377643585,"y":-0.06456643342971802,"z":0.019506575539708139,"w":0.9550885558128357},"size":0.7255240678787231,"orthographic":false}