{"cameraMode":{"drawMode":0,"name":"Shaded","section":"Shading Mode"},"sceneLighting":true,"audioPlay":false,"sceneViewState":{"m_AlwaysRefresh":false,"showFog":true,"showSkybox":false,"showFlares":true,"showImageEffects":true,"showParticleSystems":true,"showVisualEffectGraphs":true,"m_FxEnabled":true},"in2DMode":false,"pivot":{"x":-0.5254853963851929,"y":0.34398943185806277,"z":0.8641472458839417},"rotation":{"x":0.17693305015563966,"y":0.017715148627758027,"z":-0.00318523240275681,"w":0.9840607047080994},"size":1.6255240440368653,"orthographic":false}