{"cameraMode":{"drawMode":0,"name":"Shaded","section":"Shading Mode"},"sceneLighting":true,"audioPlay":false,"sceneViewState":{"m_AlwaysRefresh":false,"showFog":true,"showSkybox":false,"showFlares":true,"showImageEffects":true,"showParticleSystems":true,"showVisualEffectGraphs":true,"m_FxEnabled":true},"in2DMode":false,"pivot":{"x":-0.34493958950042727,"y":0.007548093795776367,"z":0.6750009655952454},"rotation":{"x":0.5155665278434753,"y":-0.09470140188932419,"z":0.0574641190469265,"w":0.8496603965759277},"size":0.7255240678787231,"orthographic":true}