{"cameraMode":{"drawMode":0,"name":"Shaded","section":"Shading Mode"},"sceneLighting":false,"audioPlay":false,"sceneViewState":{"m_AlwaysRefresh":false,"showFog":true,"showSkybox":false,"showFlares":true,"showImageEffects":true,"showParticleSystems":true,"showVisualEffectGraphs":true,"m_FxEnabled":true},"in2DMode":false,"pivot":{"x":-2.4999992847442629,"y":1.508048176765442,"z":-2.4999992847442629},"rotation":{"x":0.03481072187423706,"y":-0.9605326056480408,"z":0.2375001311302185,"w":0.14073003828525544},"size":3.9108359813690187,"orthographic":false}