{"cameraMode":{"drawMode":0,"name":"Shaded","section":"Shading Mode"},"sceneLighting":false,"audioPlay":false,"sceneViewState":{"m_AlwaysRefresh":false,"showFog":true,"showSkybox":false,"showFlares":true,"showImageEffects":true,"showParticleSystems":true,"showVisualEffectGraphs":true,"m_FxEnabled":true},"in2DMode":false,"pivot":{"x":0.008613109588623047,"y":2.7306344509124758,"z":0.008616924285888672},"rotation":{"x":-0.18681202828884126,"y":0.7880216240882874,"z":-0.2879977226257324,"w":-0.5111026763916016},"size":3.0085434913635256,"orthographic":false}