{"cameraMode":{"drawMode":0,"name":"Shaded","section":"Shading Mode"},"sceneLighting":false,"audioPlay":false,"sceneViewState":{"m_AlwaysRefresh":false,"showFog":true,"showSkybox":false,"showFlares":true,"showImageEffects":true,"showParticleSystems":true,"showVisualEffectGraphs":true,"m_FxEnabled":true},"in2DMode":false,"pivot":{"x":53.18047332763672,"y":48.55052185058594,"z":-321.31793212890627},"rotation":{"x":-0.005487943533807993,"y":0.9871330261230469,"z":-0.15616339445114137,"w":-0.034633953124284747},"size":121.81358337402344,"orthographic":false}