{"cameraMode":{"drawMode":0,"name":"Shaded","section":"Shading Mode"},"sceneLighting":false,"audioPlay":false,"sceneViewState":{"m_AlwaysRefresh":false,"showFog":true,"showSkybox":false,"showFlares":true,"showImageEffects":true,"showParticleSystems":true,"showVisualEffectGraphs":true,"m_FxEnabled":true},"in2DMode":false,"pivot":{"x":-0.0002701878547668457,"y":0.0023174285888671877,"z":1.8694202899932862},"rotation":{"x":-0.08771860599517822,"y":0.25641757249832156,"z":-0.02335858717560768,"w":-0.9623141288757324},"size":2.2054507732391359,"orthographic":false}