{"cameraMode":{"drawMode":0,"name":"Shaded","section":"Shading Mode"},"sceneLighting":false,"audioPlay":false,"sceneViewState":{"m_AlwaysRefresh":false,"showFog":true,"showSkybox":false,"showFlares":true,"showImageEffects":true,"showParticleSystems":true,"showVisualEffectGraphs":true,"m_FxEnabled":true},"in2DMode":false,"pivot":{"x":2.384185791015625e-7,"y":0.5846240520477295,"z":-0.004572629928588867},"rotation":{"x":0.006735901813954115,"y":-0.9914296865463257,"z":0.1174326241016388,"w":0.05686752125620842},"size":1.4955847263336182,"orthographic":false}