{"cameraMode":{"drawMode":0,"name":"Shaded","section":"Shading Mode"},"sceneLighting":false,"audioPlay":false,"sceneViewState":{"m_AlwaysRefresh":false,"showFog":true,"showSkybox":false,"showFlares":true,"showImageEffects":true,"showParticleSystems":true,"showVisualEffectGraphs":true,"m_FxEnabled":true},"in2DMode":false,"pivot":{"x":-0.6150598526000977,"y":-0.02300572395324707,"z":0.8988307118415833},"rotation":{"x":0.43571487069129946,"y":0.047217484563589099,"z":-0.022896146401762964,"w":0.8985556960105896},"size":0.5985987782478333,"orthographic":false}