{"cameraMode":{"drawMode":0,"name":"Shaded","section":"Shading Mode"},"sceneLighting":false,"audioPlay":false,"sceneViewState":{"m_AlwaysRefresh":false,"showFog":true,"showSkybox":false,"showFlares":true,"showImageEffects":true,"showParticleSystems":true,"showVisualEffectGraphs":true,"m_FxEnabled":true},"in2DMode":false,"pivot":{"x":-0.31028997898101809,"y":-0.04783529043197632,"z":0.8194982409477234},"rotation":{"x":0.38473236560821535,"y":0.10213561356067658,"z":-0.04288160800933838,"w":0.9163590669631958},"size":0.5985987782478333,"orthographic":false}