{"cameraMode":{"drawMode":0,"name":"Shaded","section":"Shading Mode"},"sceneLighting":false,"audioPlay":false,"sceneViewState":{"m_AlwaysRefresh":false,"showFog":true,"showSkybox":false,"showFlares":true,"showImageEffects":true,"showParticleSystems":true,"showVisualEffectGraphs":true,"m_FxEnabled":true},"in2DMode":false,"pivot":{"x":-2.384185791015625e-7,"y":0.8536036014556885,"z":-0.05048992484807968},"rotation":{"x":0.0008380679646506906,"y":0.991084098815918,"z":-0.13310134410858155,"w":0.006240202579647303},"size":1.428505539894104,"orthographic":false}