{"cameraMode":{"drawMode":0,"name":"Shaded","section":"Shading Mode"},"sceneLighting":false,"audioPlay":false,"sceneViewState":{"m_AlwaysRefresh":false,"showFog":true,"showSkybox":false,"showFlares":true,"showImageEffects":true,"showParticleSystems":true,"showVisualEffectGraphs":true,"m_FxEnabled":true},"in2DMode":false,"pivot":{"x":-0.07432162761688233,"y":-0.07968175411224365,"z":12.24140453338623},"rotation":{"x":-0.17238542437553407,"y":0.5105937719345093,"z":-0.10530231148004532,"w":-0.8357798457145691},"size":13.044784545898438,"orthographic":false}