{"cameraMode":{"drawMode":0,"name":"Shaded","section":"Shading Mode"},"sceneLighting":false,"audioPlay":false,"sceneViewState":{"m_AlwaysRefresh":false,"showFog":true,"showSkybox":false,"showFlares":true,"showImageEffects":true,"showParticleSystems":true,"showVisualEffectGraphs":true,"m_FxEnabled":true},"in2DMode":false,"pivot":{"x":0.007708549499511719,"y":2.8834571838378908,"z":-0.051280975341796878},"rotation":{"x":-0.08604995906352997,"y":0.909528911113739,"z":-0.23650124669075013,"w":-0.3308540880680084},"size":8.750991821289063,"orthographic":false}