{"cameraMode":{"drawMode":0,"name":"Shaded","section":"Shading Mode"},"sceneLighting":false,"audioPlay":false,"sceneViewState":{"m_AlwaysRefresh":false,"showFog":true,"showSkybox":false,"showFlares":true,"showImageEffects":true,"showParticleSystems":true,"showVisualEffectGraphs":true,"m_FxEnabled":true},"in2DMode":false,"pivot":{"x":3.7013187408447267,"y":13.660306930541993,"z":32.3096923828125},"rotation":{"x":-0.07251706719398499,"y":-0.023934470489621164,"z":-0.0017407399136573077,"w":0.9970783591270447},"size":46.20444107055664,"orthographic":false}