{"cameraMode":{"drawMode":0,"name":"Shaded","section":"Shading Mode"},"sceneLighting":false,"audioPlay":false,"sceneViewState":{"m_AlwaysRefresh":false,"showFog":true,"showSkybox":false,"showFlares":true,"showImageEffects":true,"showParticleSystems":true,"showVisualEffectGraphs":true,"m_FxEnabled":true},"in2DMode":false,"pivot":{"x":-0.006893336772918701,"y":0.2262425422668457,"z":-0.12263087928295136},"rotation":{"x":0.22574229538440705,"y":-0.6436144709587097,"z":0.20716042816638947,"w":0.7013463973999023},"size":0.45780467987060549,"orthographic":false}