{"cameraMode":{"drawMode":0,"name":"Shaded","section":"Shading Mode"},"sceneLighting":false,"audioPlay":false,"sceneViewState":{"m_AlwaysRefresh":false,"showFog":true,"showSkybox":false,"showFlares":true,"showImageEffects":true,"showParticleSystems":true,"showVisualEffectGraphs":true,"m_FxEnabled":true},"in2DMode":false,"pivot":{"x":-0.013220667839050293,"y":1.619463324546814,"z":-0.00582277774810791},"rotation":{"x":0.006735901813954115,"y":-0.9914296865463257,"z":0.1174326241016388,"w":0.05686752125620842},"size":2.062084674835205,"orthographic":false}