{"cameraMode":{"drawMode":0,"name":"Shaded","section":"Shading Mode"},"sceneLighting":false,"audioPlay":false,"sceneViewState":{"m_AlwaysRefresh":false,"showFog":true,"showSkybox":false,"showFlares":true,"showImageEffects":true,"showParticleSystems":true,"showVisualEffectGraphs":true,"m_FxEnabled":true},"in2DMode":false,"pivot":{"x":-3.5762786865234377e-7,"y":-1.1920928955078126e-7,"z":0.04647007957100868},"rotation":{"x":-0.04417680576443672,"y":0.951073944568634,"z":-0.259532630443573,"w":-0.16185890138149262},"size":1.1653648614883423,"orthographic":false}