{"cameraMode":{"drawMode":0,"name":"Shaded","section":"Shading Mode"},"sceneLighting":false,"audioPlay":false,"sceneViewState":{"m_AlwaysRefresh":false,"showFog":true,"showSkybox":false,"showFlares":true,"showImageEffects":true,"showParticleSystems":true,"showVisualEffectGraphs":true,"m_FxEnabled":true},"in2DMode":false,"pivot":{"x":-0.05254817008972168,"y":0.08003917336463928,"z":0.25848567485809328},"rotation":{"x":0.010250466875731945,"y":-0.7299703359603882,"z":0.010950388386845589,"w":0.6833150386810303},"size":0.3436206877231598,"orthographic":true}