{"cameraMode":{"drawMode":0,"name":"Shaded","section":"Shading Mode"},"sceneLighting":false,"audioPlay":false,"sceneViewState":{"m_AlwaysRefresh":false,"showFog":true,"showSkybox":false,"showFlares":true,"showImageEffects":true,"showParticleSystems":true,"showVisualEffectGraphs":true,"m_FxEnabled":true},"in2DMode":false,"pivot":{"x":-3.4637045860290529,"y":1.2133201360702515,"z":0.24018718302249909},"rotation":{"x":-0.044458042830228809,"y":0.9414965510368347,"z":-0.13738058507442475,"w":-0.30458691716194155},"size":2.9969394207000734,"orthographic":false}