{"cameraMode":{"drawMode":0,"name":"Shaded","section":"Shading Mode"},"sceneLighting":false,"audioPlay":false,"sceneViewState":{"m_AlwaysRefresh":false,"showFog":true,"showSkybox":false,"showFlares":true,"showImageEffects":true,"showParticleSystems":true,"showVisualEffectGraphs":true,"m_FxEnabled":true},"in2DMode":false,"pivot":{"x":-0.45029592514038088,"y":-0.24661287665367127,"z":0.7517789006233215},"rotation":{"x":0.3020034730434418,"y":0.0955980196595192,"z":-0.030453264713287355,"w":0.9480182528495789},"size":0.664384126663208,"orthographic":false}