{"cameraMode":{"drawMode":0,"name":"Shaded","section":"Shading Mode"},"sceneLighting":false,"audioPlay":false,"sceneViewState":{"m_AlwaysRefresh":false,"showFog":true,"showSkybox":false,"showFlares":true,"showImageEffects":true,"showParticleSystems":true,"showVisualEffectGraphs":true,"m_FxEnabled":true},"in2DMode":false,"pivot":{"x":0.000020265579223632813,"y":1.1436572074890137,"z":0.44186756014823916},"rotation":{"x":0.006735901813954115,"y":-0.9914296865463257,"z":0.1174326241016388,"w":0.05686752125620842},"size":2.086658000946045,"orthographic":false}