{"cameraMode":{"drawMode":0,"name":"Shaded","section":"Shading Mode"},"sceneLighting":false,"audioPlay":false,"sceneViewState":{"m_AlwaysRefresh":false,"showFog":true,"showSkybox":false,"showFlares":true,"showImageEffects":true,"showParticleSystems":true,"showVisualEffectGraphs":true,"m_FxEnabled":true},"in2DMode":false,"pivot":{"x":-0.0008226633071899414,"y":0.031260326504707339,"z":0.008716344833374024},"rotation":{"x":0.07766524702310562,"y":0.08066537976264954,"z":-0.006304682232439518,"w":0.99368816614151},"size":0.35774627327919009,"orthographic":true}