{"cameraMode":{"drawMode":0,"name":"Shaded","section":"Shading Mode"},"sceneLighting":false,"audioPlay":false,"sceneViewState":{"m_AlwaysRefresh":false,"showFog":true,"showSkybox":false,"showFlares":true,"showImageEffects":true,"showParticleSystems":true,"showVisualEffectGraphs":true,"m_FxEnabled":true},"in2DMode":false,"pivot":{"x":-0.24604253470897675,"y":0.7696723341941834,"z":-0.6650779247283936},"rotation":{"x":0.0008380679646506906,"y":0.991084098815918,"z":-0.13310134410858155,"w":0.006240202579647303},"size":1.4496710300445557,"orthographic":false}