{"cameraMode":{"drawMode":0,"name":"Shaded","section":"Shading Mode"},"sceneLighting":false,"audioPlay":false,"sceneViewState":{"m_AlwaysRefresh":false,"showFog":true,"showSkybox":false,"showFlares":true,"showImageEffects":true,"showParticleSystems":true,"showVisualEffectGraphs":true,"m_FxEnabled":true},"in2DMode":false,"pivot":{"x":16.07573890686035,"y":2.6981663703918459,"z":-5.600926876068115},"rotation":{"x":0.003897886024788022,"y":0.01499931886792183,"z":-0.000058467951021157205,"w":0.9998797178268433},"size":1.526647925376892,"orthographic":false}