{"cameraMode":{"drawMode":0,"name":"Shaded","section":"Shading Mode"},"sceneLighting":false,"audioPlay":false,"sceneViewState":{"m_AlwaysRefresh":false,"showFog":true,"showSkybox":false,"showFlares":true,"showImageEffects":true,"showParticleSystems":true,"showVisualEffectGraphs":true,"m_FxEnabled":true},"in2DMode":false,"pivot":{"x":0.00918114185333252,"y":0.0012263208627700806,"z":0.023600399494171144},"rotation":{"x":-0.08771860599517822,"y":0.25641757249832156,"z":-0.02335858717560768,"w":-0.9623141288757324},"size":0.5025336146354675,"orthographic":false}