{"cameraMode":{"drawMode":0,"name":"Shaded","section":"Shading Mode"},"sceneLighting":false,"audioPlay":false,"sceneViewState":{"m_AlwaysRefresh":false,"showFog":true,"showSkybox":false,"showFlares":true,"showImageEffects":true,"showParticleSystems":true,"showVisualEffectGraphs":true,"m_FxEnabled":true},"in2DMode":false,"pivot":{"x":0.06345583498477936,"y":0.004592433106154203,"z":0.23398642241954804},"rotation":{"x":-0.0011430128943175078,"y":0.9882901310920715,"z":-0.007412314414978027,"w":-0.15239952504634858},"size":0.17374250292778016,"orthographic":true}